{"train/loss":3.998496675491333,"_runtime":35267,"_wandb":{"runtime":35267},"train/loss/object/layer_-1_loss_cls":0.28123119443655015,"_timestamp":1.7525188714043355e+09,"train/stats/object/matched_ious":0.25269740164279936,"_step":123550,"train/loss/object/layer_-1_loss_bbox":2.137006369829178,"learning_rate":0.0002,"momentum":0.8649064517649212,"train/loss/object/loss_heatmap":1.5802591240406036,"train/grad_norm":4.373183445930481}